Timestamp,League,Target,Accuracy,Precision,Recall,F1,ROC-AUC
2025-12-11T20:51:11.799174,SP1,OverUnder10.5Corners,0.773902814224957,0.7717338561498227,0.773902814224957,0.7679693456772012,0.8352694426452036
2025-12-11T20:50:43.237473,SP1,Over2.5,0.8352879075800079,0.8364126973860031,0.8352879075800079,0.8349235145713685,0.9077285080134209
2025-12-11T20:51:18.034164,E0,OverUnder10.5Corners,0.7052242632642597,0.7079800077489633,0.7052242632642597,0.7037362267017209,0.7844944208228111
2025-12-11T20:50:55.998597,E0,Over2.5,0.8223720326968902,0.8219885845395819,0.8223720326968902,0.8213707357729276,0.9078455988159824
2025-12-11T20:51:09.011649,I1,OverUnder10.5Corners,0.7615134803921568,0.7589582885952684,0.7615134803921568,0.7512747127456589,0.8050473309182016
2025-12-11T20:50:37.515715,I1,Over2.5,0.8084497549019607,0.8095785357484685,0.8084497549019607,0.8082743409487094,0.8922334455667789
2025-12-11T20:51:24.456129,F1,OverUnder10.5Corners,0.7616071428571429,0.7564898599390323,0.7616071428571429,0.7520170728750948,0.8241884103099743
2025-12-11T20:51:03.425910,F1,Over2.5,0.8116071428571429,0.8132584444009892,0.8116071428571429,0.8108311267343413,0.8997061435569433
2025-12-11T20:50:31.388343,D1,Over2.5,0.8233009708737864,0.8264645691693954,0.8233009708737864,0.8203571478832508,0.9019444444444444
2025-12-11T20:51:06.484287,D1,OverUnder10.5Corners,0.7407766990291262,0.7394465675743375,0.7407766990291262,0.7364180103830102,0.8086575807908616
2025-12-18T21:19:38.975409,SP1,OverUnder10.5Corners,0.7573770491803279,0.7536000634229864,0.7573770491803279,0.7505654022446097,0.8289391086001257
2025-12-18T21:19:14.246280,SP1,Over2.5,0.8491803278688526,0.8516368651702217,0.8491803278688526,0.8487815193882696,0.9259996213133744
2025-12-18T21:19:41.734824,E0,OverUnder10.5Corners,0.7041041831097081,0.7050134221488292,0.7041041831097081,0.703632689595057,0.7767107385053397
2025-12-18T21:19:18.892754,E0,Over2.5,0.8195920101997449,0.8199681397244085,0.8195920101997449,0.8181374779839276,0.9023774276979001
2025-12-18T21:19:32.987319,I1,OverUnder10.5Corners,0.7348430574949912,0.7322890415285614,0.7348430574949912,0.7251331604233809,0.7955390772128059
2025-12-18T21:19:09.229576,I1,Over2.5,0.8085726428267865,0.8125770266397536,0.8085726428267865,0.8079818509606268,0.9010050070149696
2025-12-18T21:19:44.198538,F1,OverUnder10.5Corners,0.7582869757174392,0.7551381940417469,0.7582869757174392,0.7453374559924144,0.8070552463409607
2025-12-18T21:19:27.870512,F1,Over2.5,0.7941898454746137,0.7953593208059637,0.7941898454746137,0.7933002246390419,0.8921571326329779
2025-12-18T21:19:04.951241,D1,Over2.5,0.8376572546826949,0.8409433361640213,0.8376572546826949,0.8348021824839889,0.9160826746353061
2025-12-18T21:19:30.296426,D1,OverUnder10.5Corners,0.7503214984623987,0.7547475067158516,0.7503214984623987,0.7457478141814884,0.8268709154667657
2026-01-01T13:20:12.776069,SP1,OverUnder10.5Corners,0.7697297297297298,0.7677199642415532,0.7697297297297298,0.7634697231259203,0.8328679336417316
2026-01-01T13:19:57.356310,SP1,Over2.5,0.8475675675675676,0.8496875190208572,0.8475675675675676,0.8471978957788957,0.9260011440830087
2026-01-01T13:20:14.906483,E0,OverUnder10.5Corners,0.6983957219251338,0.7011485245902402,0.6983957219251338,0.6971445065952444,0.7774621111992246
2026-01-01T13:20:04.035142,E0,Over2.5,0.8128342245989305,0.8133816032744843,0.8128342245989305,0.8114994228471705,0.9061078710289235
2026-01-01T13:20:10.873804,I1,OverUnder10.5Corners,0.7383783783783784,0.7364507313780967,0.7383783783783784,0.726826712647243,0.7967948717948719
2026-01-01T13:19:54.884132,I1,Over2.5,0.8259459459459458,0.8285621750026678,0.8259459459459458,0.8255147713169861,0.9019132451586408
2026-01-01T13:20:16.550163,F1,OverUnder10.5Corners,0.7542958057395144,0.7498669871195798,0.7542958057395144,0.7412196149642002,0.8085581085581085
2026-01-01T13:20:07.507649,F1,Over2.5,0.7835496688741722,0.7842373349077031,0.7835496688741722,0.782734297836043,0.8807384786442757
2026-01-01T13:19:50.671528,D1,Over2.5,0.8477144930165064,0.8492456586192445,0.8477144930165064,0.8457508097419849,0.920529285193532
2026-01-01T13:20:09.078822,D1,OverUnder10.5Corners,0.7439143841828406,0.7470343807338675,0.7439143841828406,0.7394151749474297,0.8273111999830721
2026-01-20T19:40:56.848388,SP1,OverUnder10.5Corners,0.763987747145642,0.7605122527536249,0.763987747145642,0.756420192215997,0.8311280126053473
2026-01-13T21:49:57.812145,SP1,Over2.5,0.8420466058763931,0.8429907738094642,0.8420466058763931,0.8418637350949713,0.9208751276813075
2026-01-20T19:41:03.232193,E0,OverUnder10.5Corners,0.7120933710806047,0.7151129259713425,0.7120933710806047,0.710253797781197,0.7802660649043627
2026-01-13T21:50:03.555406,E0,Over2.5,0.8227421465968586,0.8232764395283201,0.8227421465968586,0.8215206481422633,0.9031120971667981
2026-01-20T19:40:46.609679,I1,OverUnder10.5Corners,0.740625,0.7381217623449194,0.740625,0.7291481968021375,0.8034092016199835
2026-01-08T23:16:45.501190,SC0,OverUnder10.5Corners,0.7064017991004498,0.7118021573198375,0.7064017991004498,0.7045135301166321,0.796214947372664
2026-01-20T19:40:52.587758,E1,OverUnder10.5Corners,0.7252359772671115,0.7255045992869884,0.7252359772671115,0.7230196722856461,0.8024974192266014
2026-01-13T21:50:09.548863,N1,Over2.5,0.8263929618768329,0.8274710624263296,0.8263929618768329,0.8254101026363927,0.8982163425630969
2026-01-13T21:49:54.266482,I1,Over2.5,0.8219895287958116,0.8249426644055383,0.8219895287958116,0.8216547261012993,0.9043076923076925
2026-01-20T19:41:07.572499,F1,OverUnder10.5Corners,0.7686274509803921,0.7739709401272499,0.7686274509803921,0.7508999932276438,0.8088679245283018
2026-01-13T21:50:06.603927,F1,Over2.5,0.7702872377020984,0.7728848498288603,0.7702872377020984,0.7691744575326601,0.8762125053846113
2026-01-13T21:49:51.060452,D1,Over2.5,0.850434004474273,0.8521336542474991,0.850434004474273,0.8492508514176456,0.9219595635119623
2026-01-20T19:41:10.309795,N1,OverUnder10.5Corners,0.7286052588600359,0.7301206342841575,0.7286052588600359,0.7260098488114923,0.8061294269808617
2026-01-08T23:16:15.660506,SC0,Over2.5,0.8099400299850075,0.8128042179786471,0.8099400299850075,0.8094111962792312,0.8911557315233786
2026-01-20T19:40:44.200478,D1,OverUnder10.5Corners,0.7387330080167306,0.7442704195010396,0.7387330080167306,0.7326827804175908,0.8127111710683751
2026-01-20T19:45:51.153329,SP1,OverUnder10.5Corners,0.7671623503202449,0.7644795206987764,0.7671623503202449,0.7593923213410396,0.8317442523388721
2026-01-20T19:45:25.430997,SP1,Over2.5,0.8472514619883039,0.8481476687663105,0.8472514619883039,0.8471976206643381,0.919833463121593
2026-01-20T19:45:56.645927,E0,OverUnder10.5Corners,0.7069440735003473,0.7104692839119024,0.7069440735003473,0.7047086898415981,0.7766067053513862
2026-01-20T19:45:28.886471,E0,Over2.5,0.8101169809305059,0.8120351967419663,0.8101169809305059,0.8086008650235105,0.8975381710313295
2026-01-20T19:45:41.127015,I1,OverUnder10.5Corners,0.7385416666666667,0.7355874746876833,0.7385416666666667,0.7255366760846704,0.8031018210654508
2026-01-08T23:16:45.501190,SC0,OverUnder10.5Corners,0.7064017991004498,0.7118021573198375,0.7064017991004498,0.7045135301166321,0.796214947372664
2026-01-20T19:45:46.891108,E1,OverUnder10.5Corners,0.7280380528786756,0.7283059016522899,0.7280380528786756,0.7258505190326312,0.802309102916755
2026-01-20T19:45:34.719540,N1,Over2.5,0.8105095541401273,0.8132553235441845,0.8105095541401273,0.8084193026516235,0.8846253990042596
2026-01-20T19:44:59.671739,I1,Over2.5,0.8177083333333334,0.8203009835074205,0.8177083333333334,0.8173003524683452,0.8990532373352004
2026-01-20T19:46:00.925003,F1,OverUnder10.5Corners,0.7607843137254902,0.7651658657382352,0.7607843137254902,0.741905761536621,0.8042264150943396
2026-01-20T19:45:31.478326,F1,Over2.5,0.7960784313725491,0.797470616946094,0.7960784313725491,0.7952112037364527,0.8879422878735829
2026-01-20T19:44:55.985717,D1,Over2.5,0.8522307424189612,0.8540738109867825,0.8522307424189612,0.8509067911938825,0.9211618109956691
2026-01-20T19:46:03.677741,N1,OverUnder10.5Corners,0.7247509390821492,0.727071133192507,0.7247509390821492,0.721850724958287,0.80446450639575
2026-01-20T19:45:14.512593,E1,Over2.5,0.8271139115394119,0.8279059648729608,0.8271139115394119,0.8269164299220237,0.9167377113087853
2026-01-08T23:16:15.660506,SC0,Over2.5,0.8099400299850075,0.8128042179786471,0.8099400299850075,0.8094111962792312,0.8911557315233786
2026-01-20T19:45:38.794900,D1,OverUnder10.5Corners,0.732093063785291,0.7372707447553861,0.732093063785291,0.7258933628238297,0.8137602316938851
2026-01-21T22:04:13.672519,SP1,OverUnder10.5Corners,0.7703146755778334,0.7680652130814836,0.7703146755778334,0.7616645160124299,0.8387328360772394
2026-01-21T22:03:36.013279,SP1,Over2.5,0.8409412419938735,0.8423853896947016,0.8409412419938735,0.8407518873613672,0.9212859841040284
2026-01-21T22:04:21.250929,E0,OverUnder10.5Corners,0.6976710645798836,0.7014034784907912,0.6976710645798836,0.6953310091137602,0.7650294433698689
2026-01-21T22:03:39.242107,E0,Over2.5,0.8152823032957641,0.8157036279278115,0.8152823032957641,0.8144273664760064,0.9010372126497608
2026-01-21T22:04:01.663814,I1,OverUnder10.5Corners,0.740625,0.7377999500531857,0.740625,0.7289033524419335,0.8056757597213176
2026-01-21T22:04:06.789588,E1,OverUnder10.5Corners,0.7245169261181121,0.7246056088879287,0.7245169261181121,0.723037141140887,0.7995767531626496
2026-01-21T22:03:47.204996,N1,Over2.5,0.8002858076106483,0.8016024478306895,0.8002858076106483,0.7981206053889134,0.8886481245438006
2026-01-21T22:03:22.680338,I1,Over2.5,0.8145833333333334,0.8171356096575788,0.8145833333333334,0.8142064328737029,0.8998143197740701
2026-01-21T22:04:25.721093,F1,OverUnder10.5Corners,0.7503267973856209,0.7484030743412026,0.7503267973856209,0.7361041934037145,0.8064528301886792
2026-01-21T22:03:43.674443,F1,Over2.5,0.7895424836601308,0.7907530201598624,0.7895424836601308,0.7883132232097283,0.8882514599793886
2026-01-21T22:03:18.236614,D1,Over2.5,0.8508800975949808,0.8525820083675828,0.8508800975949808,0.8494279754785161,0.9234827507317036
2026-01-21T22:04:28.919145,N1,OverUnder10.5Corners,0.7183570145353585,0.7200635108205254,0.7183570145353585,0.7157897789948878,0.8021369492440934
2026-01-21T22:03:30.488397,E1,Over2.5,0.8355596738324685,0.8362213189252493,0.8355596738324685,0.835412315838003,0.9167440079112902
2026-01-21T22:03:55.848941,D1,OverUnder10.5Corners,0.7413820146392471,0.746641810501915,0.7413820146392471,0.7363263722470841,0.8212165909937322
2026-01-22T22:23:43.622553,SP1,OverUnder10.5Corners,0.7629351155666946,0.759762945898774,0.7629351155666946,0.7555057111638741,0.8339248788940244
2026-01-22T22:23:15.485268,SP1,Over2.5,0.843052074631022,0.8444274534693872,0.843052074631022,0.8428194429893034,0.9207356497447498
2026-01-22T22:23:48.510229,E0,OverUnder10.5Corners,0.7090112707654506,0.7115396920368491,0.7090112707654506,0.7073473093880243,0.7689350956372234
2026-01-22T22:23:21.822647,E0,Over2.5,0.8183804283959191,0.8188853888680973,0.8183804283959191,0.8171898842868334,0.9022403914887736
2026-01-22T22:23:33.775627,I1,OverUnder10.5Corners,0.7364583333333333,0.7326084546330571,0.7364583333333333,0.7245763739551656,0.7906352034891954
2026-01-22T22:23:39.261450,E1,OverUnder10.5Corners,0.7268292682926829,0.7271288054555156,0.7268292682926829,0.7253930190324657,0.798792626475322
2026-01-22T22:23:27.530980,N1,Over2.5,0.8081740976645435,0.8095916801735568,0.8081740976645435,0.8065656401698236,0.8891089540368882
2026-01-22T22:23:05.921212,I1,Over2.5,0.8166666666666667,0.8197505085691853,0.8166666666666667,0.8161898811627853,0.8977050706504001
2026-01-22T22:23:51.800931,F1,OverUnder10.5Corners,0.7594771241830065,0.7610384604319764,0.7594771241830065,0.7427056079977584,0.8088301886792453
2026-01-22T22:23:25.321413,F1,Over2.5,0.7895424836601308,0.7905843406305127,0.7895424836601308,0.7887386732352997,0.8871865338371695
2026-01-22T22:23:02.970891,D1,Over2.5,0.8377134890205646,0.8394133397968784,0.8377134890205646,0.8356194477653485,0.9183600375515744
2026-01-22T22:23:57.096464,N1,OverUnder10.5Corners,0.7264004572921771,0.7282120837063321,0.7264004572921771,0.723698619279327,0.8104566653550302
2026-01-22T22:23:10.546484,E1,Over2.5,0.8271777003484321,0.8281078600418127,0.8271777003484321,0.8269901723513178,0.9151366110003147
2026-01-22T22:23:29.670008,D1,OverUnder10.5Corners,0.7427239456256535,0.748531718125884,0.7427239456256535,0.7362762158657465,0.8238014358047876
